Year,City,State,Latitude,Longitude,PropertyType,PropertyPrice_INR,MonthlyRent_INR,AnnualRent_INR,RentalYield_Percent,DemandIndex,SupplyIndex,Population_Lakh_Sample,GDPGrowth_Percent_Sample
2021,Chennai,Tamil Nadu,13.0827,80.2707,Apartment,6858075,33009,396108,5.78,50,56,43.2,8.9
2021,Chennai,Tamil Nadu,13.0827,80.2707,Independent House,7102412,28362,340344,4.79,73,46,49.5,7.1
2021,Chennai,Tamil Nadu,13.0827,80.2707,Villa,12563799,35477,425724,3.39,32,65,76.4,4.5
2021,Chennai,Tamil Nadu,13.0827,80.2707,Plot,3598664,4145,49740,1.38,67,71,53.9,5.8
2021,Coimbatore,Tamil Nadu,11.0168,76.9558,Apartment,4704602,18290,219480,4.67,43,61,20.9,5.2
2021,Coimbatore,Tamil Nadu,11.0168,76.9558,Independent House,5412037,19989,239868,4.43,68,43,126.3,5.9
2021,Coimbatore,Tamil Nadu,11.0168,76.9558,Villa,8992602,30290,363480,4.04,67,40,81.4,10.5
2021,Coimbatore,Tamil Nadu,11.0168,76.9558,Plot,2608217,3570,42840,1.64,71,59,230.9,7.7
2021,Madurai,Tamil Nadu,9.9252,78.1198,Apartment,3478159,13516,162192,4.66,41,37,71.5,5.4
2021,Madurai,Tamil Nadu,9.9252,78.1198,Independent House,4652343,16491,197892,4.25,66,62,23.3,5.5
2021,Madurai,Tamil Nadu,9.9252,78.1198,Villa,9329255,30273,363276,3.89,60,69,183.6,4.8
2021,Madurai,Tamil Nadu,9.9252,78.1198,Plot,2524667,3141,37692,1.49,50,52,81.2,5.9
2021,Trichy,Tamil Nadu,10.7905,78.7047,Apartment,4143366,19414,232968,5.62,53,71,34.3,7.9
2021,Trichy,Tamil Nadu,10.7905,78.7047,Independent House,5203628,19693,236316,4.54,64,98,109.7,4.6
2021,Trichy,Tamil Nadu,10.7905,78.7047,Villa,7644809,20236,242832,3.18,55,54,82.0,7.7
2021,Trichy,Tamil Nadu,10.7905,78.7047,Plot,2261575,2640,31680,1.4,54,47,23.9,7.5
2021,Bengaluru,Karnataka,12.9716,77.5946,Apartment,6125552,31118,373416,6.1,72,66,218.5,5.3
2021,Bengaluru,Karnataka,12.9716,77.5946,Independent House,9601728,34002,408024,4.25,72,42,60.8,5.6
2021,Bengaluru,Karnataka,12.9716,77.5946,Villa,14525356,47733,572796,3.94,34,56,59.4,5.6
2021,Bengaluru,Karnataka,12.9716,77.5946,Plot,4570019,5193,62316,1.36,56,76,94.1,6.5
2021,Mysuru,Karnataka,12.2958,76.6394,Apartment,6244026,26005,312060,5.0,38,53,74.8,6.4
2021,Mysuru,Karnataka,12.2958,76.6394,Independent House,7327747,22196,266352,3.63,56,60,63.7,5.8
2021,Mysuru,Karnataka,12.2958,76.6394,Villa,11290302,33763,405156,3.59,75,63,63.2,4.8
2021,Mysuru,Karnataka,12.2958,76.6394,Plot,3559471,4442,53304,1.5,78,42,209.6,6.3
2021,Hyderabad,Telangana,17.385,78.4867,Apartment,5300321,20565,246780,4.66,82,65,9.1,3.6
2021,Hyderabad,Telangana,17.385,78.4867,Independent House,7788873,24597,295164,3.79,63,41,234.5,8.8
2021,Hyderabad,Telangana,17.385,78.4867,Villa,11566909,33046,396552,3.43,57,61,166.7,6.6
2021,Hyderabad,Telangana,17.385,78.4867,Plot,3563692,3945,47340,1.33,77,57,88.1,7.5
2021,Vijayawada,Andhra Pradesh,16.5062,80.648,Apartment,4883663,24594,295128,6.04,60,60,162.3,6.6
2021,Vijayawada,Andhra Pradesh,16.5062,80.648,Independent House,5308254,16357,196284,3.7,67,58,174.5,4.1
2021,Vijayawada,Andhra Pradesh,16.5062,80.648,Villa,10612189,29203,350436,3.3,45,66,84.7,7.5
2021,Vijayawada,Andhra Pradesh,16.5062,80.648,Plot,3092581,3886,46632,1.51,72,45,95.1,6.4
2021,Kochi,Kerala,9.9312,76.2673,Apartment,5088913,26149,313788,6.17,71,51,159.6,6.2
2021,Kochi,Kerala,9.9312,76.2673,Independent House,7243326,25294,303528,4.19,78,62,73.8,4.7
2021,Kochi,Kerala,9.9312,76.2673,Villa,10597504,33179,398148,3.76,59,64,241.8,4.8
2021,Kochi,Kerala,9.9312,76.2673,Plot,3636785,4124,49488,1.36,42,57,234.4,4.1
2021,Thiruvananthapuram,Kerala,8.5241,76.9366,Apartment,5257575,20799,249588,4.75,60,40,220.0,7.7
2021,Thiruvananthapuram,Kerala,8.5241,76.9366,Independent House,7097891,23795,285540,4.02,72,66,203.5,5.2
2021,Thiruvananthapuram,Kerala,8.5241,76.9366,Villa,12471681,42053,504636,4.05,65,98,200.6,8.5
2021,Thiruvananthapuram,Kerala,8.5241,76.9366,Plot,3413995,4576,54912,1.61,71,40,28.0,3.6
2021,Mumbai,Maharashtra,19.076,72.8777,Apartment,7627496,33969,407628,5.34,52,51,149.8,5.4
2021,Mumbai,Maharashtra,19.076,72.8777,Independent House,10230004,36043,432516,4.23,87,37,157.6,7.4
2021,Mumbai,Maharashtra,19.076,72.8777,Villa,17102867,44407,532884,3.12,98,71,161.2,2.8
2021,Mumbai,Maharashtra,19.076,72.8777,Plot,5696045,6365,76380,1.34,76,36,11.2,6.0
2021,Pune,Maharashtra,18.5204,73.8567,Apartment,6342307,30218,362616,5.72,48,49,43.3,6.7
2021,Pune,Maharashtra,18.5204,73.8567,Independent House,8062670,29575,354900,4.4,43,58,154.9,9.0
2021,Pune,Maharashtra,18.5204,73.8567,Villa,12685512,35176,422112,3.33,77,44,8.5,5.8
2021,Pune,Maharashtra,18.5204,73.8567,Plot,3241579,3880,46560,1.44,85,36,111.3,6.0
2021,Delhi,Delhi,28.6139,77.209,Apartment,7258416,33986,407832,5.62,66,44,158.3,8.2
2021,Delhi,Delhi,28.6139,77.209,Independent House,9590101,30171,362052,3.78,67,53,11.5,5.2
2021,Delhi,Delhi,28.6139,77.209,Villa,15935541,54120,649440,4.08,44,67,162.6,9.8
2021,Delhi,Delhi,28.6139,77.209,Plot,4818381,5584,67008,1.39,44,54,22.4,5.1
2021,Gurugram,Haryana,28.4595,77.0266,Apartment,7490126,28885,346620,4.63,59,62,34.0,7.8
2021,Gurugram,Haryana,28.4595,77.0266,Independent House,9867927,36973,443676,4.5,84,42,48.5,7.7
2021,Gurugram,Haryana,28.4595,77.0266,Villa,16206982,53096,637152,3.93,66,52,96.1,5.1
2021,Gurugram,Haryana,28.4595,77.0266,Plot,4699999,6246,74952,1.59,80,71,189.9,5.5
2021,Kolkata,West Bengal,22.5726,88.3639,Apartment,4662336,21013,252156,5.41,49,69,224.4,6.8
2021,Kolkata,West Bengal,22.5726,88.3639,Independent House,6163148,22046,264552,4.29,54,46,76.8,9.8
2021,Kolkata,West Bengal,22.5726,88.3639,Villa,8972947,28312,339744,3.79,65,65,198.5,6.2
2021,Kolkata,West Bengal,22.5726,88.3639,Plot,2320940,2826,33912,1.46,45,69,91.0,6.0
2021,Ahmedabad,Gujarat,23.0225,72.5714,Apartment,3881511,18837,226044,5.82,46,60,25.6,5.5
2021,Ahmedabad,Gujarat,23.0225,72.5714,Independent House,6016533,22360,268320,4.46,58,72,237.1,5.4
2021,Ahmedabad,Gujarat,23.0225,72.5714,Villa,10559679,34087,409044,3.87,47,54,195.4,2.7
2021,Ahmedabad,Gujarat,23.0225,72.5714,Plot,2886408,3059,36708,1.27,74,53,119.8,6.2
2021,Jaipur,Rajasthan,26.9124,75.7873,Apartment,3769663,15017,180204,4.78,70,67,147.9,6.0
2021,Jaipur,Rajasthan,26.9124,75.7873,Independent House,5155653,20040,240480,4.66,60,60,23.1,6.2
2021,Jaipur,Rajasthan,26.9124,75.7873,Villa,9333451,31942,383304,4.11,82,62,175.5,9.9
2021,Jaipur,Rajasthan,26.9124,75.7873,Plot,2616552,3517,42204,1.61,46,85,73.0,4.8
2021,Lucknow,Uttar Pradesh,26.8467,80.9462,Apartment,4331743,18635,223620,5.16,47,58,243.7,2.9
2021,Lucknow,Uttar Pradesh,26.8467,80.9462,Independent House,6162404,22763,273156,4.43,60,66,107.5,8.7
2021,Lucknow,Uttar Pradesh,26.8467,80.9462,Villa,10707718,35650,427800,4.0,70,50,246.9,6.7
2021,Lucknow,Uttar Pradesh,26.8467,80.9462,Plot,2610277,3573,42876,1.64,43,60,119.8,6.7
2021,Bhopal,Madhya Pradesh,23.2599,77.4126,Apartment,4460210,17399,208788,4.68,61,60,249.9,6.2
2021,Bhopal,Madhya Pradesh,23.2599,77.4126,Independent House,6594566,26160,313920,4.76,58,50,115.4,7.3
2021,Bhopal,Madhya Pradesh,23.2599,77.4126,Villa,9488842,32344,388128,4.09,41,63,169.6,3.6
2021,Bhopal,Madhya Pradesh,23.2599,77.4126,Plot,2629084,3317,39804,1.51,73,76,132.4,6.4
2021,Bhubaneswar,Odisha,20.2961,85.8245,Apartment,5482214,25120,301440,5.5,57,67,37.8,8.7
2021,Bhubaneswar,Odisha,20.2961,85.8245,Independent House,6572303,20493,245916,3.74,71,32,112.2,8.7
2021,Bhubaneswar,Odisha,20.2961,85.8245,Villa,13172961,37719,452628,3.44,78,55,102.2,7.9
2021,Bhubaneswar,Odisha,20.2961,85.8245,Plot,3703103,3973,47676,1.29,64,54,68.3,7.6
2022,Chennai,Tamil Nadu,13.0827,80.2707,Apartment,7248202,32544,390528,5.39,77,34,63.8,6.8
2022,Chennai,Tamil Nadu,13.0827,80.2707,Independent House,7797270,26026,312312,4.01,52,52,168.6,7.8
2022,Chennai,Tamil Nadu,13.0827,80.2707,Villa,13152504,35815,429780,3.27,54,45,26.7,6.0
2022,Chennai,Tamil Nadu,13.0827,80.2707,Plot,3693541,4251,51012,1.38,51,78,14.6,6.3
2022,Coimbatore,Tamil Nadu,11.0168,76.9558,Apartment,4982457,19607,235284,4.72,56,53,202.5,4.9
2022,Coimbatore,Tamil Nadu,11.0168,76.9558,Independent House,5858061,19706,236472,4.04,64,87,95.4,5.7
2022,Coimbatore,Tamil Nadu,11.0168,76.9558,Villa,10579603,34095,409140,3.87,64,60,130.4,4.5
2022,Coimbatore,Tamil Nadu,11.0168,76.9558,Plot,2932711,3553,42636,1.45,58,45,97.4,4.7
2022,Madurai,Tamil Nadu,9.9252,78.1198,Apartment,3775995,15521,186252,4.93,44,53,223.2,9.1
2022,Madurai,Tamil Nadu,9.9252,78.1198,Independent House,5538146,19374,232488,4.2,64,59,148.8,4.7
2022,Madurai,Tamil Nadu,9.9252,78.1198,Villa,9270932,27242,326904,3.53,49,49,94.0,7.8
2022,Madurai,Tamil Nadu,9.9252,78.1198,Plot,2344263,3223,38676,1.65,76,40,29.9,7.2
2022,Trichy,Tamil Nadu,10.7905,78.7047,Apartment,3855399,15583,186996,4.85,47,46,47.5,1.9
2022,Trichy,Tamil Nadu,10.7905,78.7047,Independent House,6027559,18641,223692,3.71,62,63,217.0,6.1
2022,Trichy,Tamil Nadu,10.7905,78.7047,Villa,9819402,27318,327816,3.34,60,45,232.7,9.7
2022,Trichy,Tamil Nadu,10.7905,78.7047,Plot,2393986,3105,37260,1.56,73,50,109.2,4.5
2022,Bengaluru,Karnataka,12.9716,77.5946,Apartment,6573682,26163,313956,4.78,47,62,147.4,6.1
2022,Bengaluru,Karnataka,12.9716,77.5946,Independent House,9259356,28050,336600,3.64,51,40,20.5,5.5
2022,Bengaluru,Karnataka,12.9716,77.5946,Villa,17426486,49493,593916,3.41,58,61,172.0,7.1
2022,Bengaluru,Karnataka,12.9716,77.5946,Plot,4291742,5013,60156,1.4,83,59,208.5,5.9
2022,Mysuru,Karnataka,12.2958,76.6394,Apartment,5320231,25599,307188,5.77,62,52,145.7,6.0
2022,Mysuru,Karnataka,12.2958,76.6394,Independent House,8238155,26252,315024,3.82,62,50,204.6,5.7
2022,Mysuru,Karnataka,12.2958,76.6394,Villa,13512233,40817,489804,3.62,71,49,101.1,5.8
2022,Mysuru,Karnataka,12.2958,76.6394,Plot,3500963,4154,49848,1.42,77,67,128.2,4.8
2022,Hyderabad,Telangana,17.385,78.4867,Apartment,6635991,28821,345852,5.21,72,55,157.9,3.7
2022,Hyderabad,Telangana,17.385,78.4867,Independent House,7184980,27365,328380,4.57,75,62,224.0,10.1
2022,Hyderabad,Telangana,17.385,78.4867,Villa,14307235,38436,461232,3.22,49,43,187.3,6.3
2022,Hyderabad,Telangana,17.385,78.4867,Plot,3956991,5285,63420,1.6,56,67,32.1,5.3
2022,Vijayawada,Andhra Pradesh,16.5062,80.648,Apartment,5147781,22451,269412,5.23,55,59,61.2,7.8
2022,Vijayawada,Andhra Pradesh,16.5062,80.648,Independent House,7679710,28442,341304,4.44,72,33,89.7,6.7
2022,Vijayawada,Andhra Pradesh,16.5062,80.648,Villa,11553402,38907,466884,4.04,39,74,118.2,6.5
2022,Vijayawada,Andhra Pradesh,16.5062,80.648,Plot,3588192,3683,44196,1.23,92,77,231.0,7.2
2022,Kochi,Kerala,9.9312,76.2673,Apartment,5213536,23997,287964,5.52,44,79,185.4,4.5
2022,Kochi,Kerala,9.9312,76.2673,Independent House,8362787,32245,386940,4.63,59,55,149.9,8.1
2022,Kochi,Kerala,9.9312,76.2673,Villa,12303708,31980,383760,3.12,73,46,6.1,4.5
2022,Kochi,Kerala,9.9312,76.2673,Plot,3544540,4789,57468,1.62,41,37,185.7,4.0
2022,Thiruvananthapuram,Kerala,8.5241,76.9366,Apartment,4680318,20760,249120,5.32,55,52,127.1,7.6
2022,Thiruvananthapuram,Kerala,8.5241,76.9366,Independent House,6345628,22746,272952,4.3,56,42,240.5,7.1
2022,Thiruvananthapuram,Kerala,8.5241,76.9366,Villa,10140788,29643,355716,3.51,89,56,21.4,4.9
2022,Thiruvananthapuram,Kerala,8.5241,76.9366,Plot,3398185,3717,44604,1.31,66,89,21.1,4.3
2022,Mumbai,Maharashtra,19.076,72.8777,Apartment,8948839,40564,486768,5.44,49,31,142.1,5.6
2022,Mumbai,Maharashtra,19.076,72.8777,Independent House,12905454,51214,614568,4.76,69,28,162.8,4.9
2022,Mumbai,Maharashtra,19.076,72.8777,Villa,19568779,50347,604164,3.09,80,37,166.4,7.4
2022,Mumbai,Maharashtra,19.076,72.8777,Plot,4906038,5188,62256,1.27,60,40,164.9,7.0
2022,Pune,Maharashtra,18.5204,73.8567,Apartment,5533402,22981,275772,4.98,71,59,208.4,9.0
2022,Pune,Maharashtra,18.5204,73.8567,Independent House,7446988,24447,293364,3.94,50,31,223.7,9.2
2022,Pune,Maharashtra,18.5204,73.8567,Villa,14664896,41906,502872,3.43,54,35,149.6,7.5
2022,Pune,Maharashtra,18.5204,73.8567,Plot,3696790,4505,54060,1.46,45,30,237.4,5.3
2022,Delhi,Delhi,28.6139,77.209,Apartment,6744673,33706,404472,6.0,79,50,201.0,5.6
2022,Delhi,Delhi,28.6139,77.209,Independent House,9129765,32353,388236,4.25,67,33,39.1,7.5
2022,Delhi,Delhi,28.6139,77.209,Villa,17747701,60980,731760,4.12,52,52,71.7,6.5
2022,Delhi,Delhi,28.6139,77.209,Plot,4302458,5246,62952,1.46,55,64,55.6,7.0
2022,Gurugram,Haryana,28.4595,77.0266,Apartment,6588976,33208,398496,6.05,70,63,152.1,4.5
2022,Gurugram,Haryana,28.4595,77.0266,Independent House,10448361,35678,428136,4.1,73,56,16.5,2.2
2022,Gurugram,Haryana,28.4595,77.0266,Villa,14688917,47213,566556,3.86,69,41,65.1,3.6
2022,Gurugram,Haryana,28.4595,77.0266,Plot,4297345,5495,65940,1.53,57,58,121.6,3.2
2022,Kolkata,West Bengal,22.5726,88.3639,Apartment,5956434,28674,344088,5.78,66,35,17.6,10.5
2022,Kolkata,West Bengal,22.5726,88.3639,Independent House,6736046,25492,305904,4.54,58,54,173.7,9.2
2022,Kolkata,West Bengal,22.5726,88.3639,Villa,11689133,32399,388788,3.33,65,62,175.2,7.3
2022,Kolkata,West Bengal,22.5726,88.3639,Plot,3191888,3360,40320,1.26,40,54,50.4,7.3
2022,Ahmedabad,Gujarat,23.0225,72.5714,Apartment,5652001,27205,326460,5.78,65,69,174.6,5.4
2022,Ahmedabad,Gujarat,23.0225,72.5714,Independent House,6745809,21635,259620,3.85,66,66,13.3,6.4
2022,Ahmedabad,Gujarat,23.0225,72.5714,Villa,12000180,33811,405732,3.38,58,64,216.2,5.4
2022,Ahmedabad,Gujarat,23.0225,72.5714,Plot,3443293,3558,42696,1.24,69,37,34.5,7.1
2022,Jaipur,Rajasthan,26.9124,75.7873,Apartment,4621947,19799,237588,5.14,52,59,82.2,8.7
2022,Jaipur,Rajasthan,26.9124,75.7873,Independent House,5502884,19987,239844,4.36,58,60,62.1,7.7
2022,Jaipur,Rajasthan,26.9124,75.7873,Villa,8592746,28640,343680,4.0,64,57,200.7,5.3
2022,Jaipur,Rajasthan,26.9124,75.7873,Plot,2698284,3361,40332,1.49,72,51,108.2,8.7
2022,Lucknow,Uttar Pradesh,26.8467,80.9462,Apartment,5137270,20416,244992,4.77,43,43,77.6,2.9
2022,Lucknow,Uttar Pradesh,26.8467,80.9462,Independent House,7505925,24050,288600,3.84,45,52,220.4,4.8
2022,Lucknow,Uttar Pradesh,26.8467,80.9462,Villa,13495089,40089,481068,3.56,46,59,247.8,8.2
2022,Lucknow,Uttar Pradesh,26.8467,80.9462,Plot,3391776,3741,44892,1.32,79,48,50.7,5.2
2022,Bhopal,Madhya Pradesh,23.2599,77.4126,Apartment,5356020,20905,250860,4.68,55,39,190.8,4.8
2022,Bhopal,Madhya Pradesh,23.2599,77.4126,Independent House,7846849,25193,302316,3.85,65,57,150.3,3.6
2022,Bhopal,Madhya Pradesh,23.2599,77.4126,Villa,12548872,33032,396384,3.16,55,62,36.7,6.7
2022,Bhopal,Madhya Pradesh,23.2599,77.4126,Plot,3555866,4332,51984,1.46,64,52,96.3,4.8
2022,Bhubaneswar,Odisha,20.2961,85.8245,Apartment,4969338,22334,268008,5.39,50,59,213.5,1.5
2022,Bhubaneswar,Odisha,20.2961,85.8245,Independent House,6297733,24189,290268,4.61,46,73,143.6,4.3
2022,Bhubaneswar,Odisha,20.2961,85.8245,Villa,9807890,32765,393180,4.01,63,71,213.4,6.9
2022,Bhubaneswar,Odisha,20.2961,85.8245,Plot,3139916,3991,47892,1.53,65,69,189.4,8.8
2023,Chennai,Tamil Nadu,13.0827,80.2707,Apartment,7426029,37144,445728,6.0,59,42,187.2,6.8
2023,Chennai,Tamil Nadu,13.0827,80.2707,Independent House,9603419,33687,404244,4.21,59,55,159.8,6.3
2023,Chennai,Tamil Nadu,13.0827,80.2707,Villa,14105282,44017,528204,3.74,81,55,31.2,6.6
2023,Chennai,Tamil Nadu,13.0827,80.2707,Plot,4655138,5321,63852,1.37,82,60,30.1,6.5
2023,Coimbatore,Tamil Nadu,11.0168,76.9558,Apartment,5295203,20739,248868,4.7,70,43,21.5,3.1
2023,Coimbatore,Tamil Nadu,11.0168,76.9558,Independent House,6814290,20599,247188,3.63,68,61,11.0,5.3
2023,Coimbatore,Tamil Nadu,11.0168,76.9558,Villa,9857729,28008,336096,3.41,76,55,172.4,3.3
2023,Coimbatore,Tamil Nadu,11.0168,76.9558,Plot,3498061,4104,49248,1.41,52,40,199.7,5.9
2023,Madurai,Tamil Nadu,9.9252,78.1198,Apartment,3851496,15160,181920,4.72,67,75,71.9,7.3
2023,Madurai,Tamil Nadu,9.9252,78.1198,Independent House,5304448,19337,232044,4.37,52,38,246.1,5.0
2023,Madurai,Tamil Nadu,9.9252,78.1198,Villa,8947093,30014,360168,4.03,45,49,12.6,4.1
2023,Madurai,Tamil Nadu,9.9252,78.1198,Plot,2777929,3306,39672,1.43,71,62,193.9,7.0
2023,Trichy,Tamil Nadu,10.7905,78.7047,Apartment,4591398,21443,257316,5.6,56,67,200.2,4.4
2023,Trichy,Tamil Nadu,10.7905,78.7047,Independent House,5112373,18889,226668,4.43,53,40,125.4,5.7
2023,Trichy,Tamil Nadu,10.7905,78.7047,Villa,8501295,26131,313572,3.69,64,49,81.0,5.7
2023,Trichy,Tamil Nadu,10.7905,78.7047,Plot,2371014,2753,33036,1.39,54,90,76.5,5.4
2023,Bengaluru,Karnataka,12.9716,77.5946,Apartment,8017376,39107,469284,5.85,65,44,30.7,6.2
2023,Bengaluru,Karnataka,12.9716,77.5946,Independent House,9905089,36773,441276,4.46,52,48,85.0,6.2
2023,Bengaluru,Karnataka,12.9716,77.5946,Villa,16344656,42971,515652,3.15,62,50,24.3,4.5
2023,Bengaluru,Karnataka,12.9716,77.5946,Plot,4604206,5839,70068,1.52,62,44,46.0,7.2
2023,Mysuru,Karnataka,12.2958,76.6394,Apartment,4822538,23045,276540,5.73,56,48,178.7,6.9
2023,Mysuru,Karnataka,12.2958,76.6394,Independent House,6557196,21844,262128,4.0,64,58,205.2,7.8
2023,Mysuru,Karnataka,12.2958,76.6394,Villa,10192804,31895,382740,3.76,76,59,25.0,4.4
2023,Mysuru,Karnataka,12.2958,76.6394,Plot,3077150,3868,46416,1.51,49,95,181.2,6.0
2023,Hyderabad,Telangana,17.385,78.4867,Apartment,7104193,36522,438264,6.17,48,61,171.7,5.8
2023,Hyderabad,Telangana,17.385,78.4867,Independent House,9026676,33746,404952,4.49,42,47,89.8,8.9
2023,Hyderabad,Telangana,17.385,78.4867,Villa,13535951,46548,558576,4.13,43,79,182.7,8.0
2023,Hyderabad,Telangana,17.385,78.4867,Plot,4279239,5014,60168,1.41,61,62,228.5,3.5
2023,Vijayawada,Andhra Pradesh,16.5062,80.648,Apartment,4995481,23366,280392,5.61,49,62,180.4,6.8
2023,Vijayawada,Andhra Pradesh,16.5062,80.648,Independent House,6326485,20463,245556,3.88,53,54,131.1,8.0
2023,Vijayawada,Andhra Pradesh,16.5062,80.648,Villa,10344424,31898,382776,3.7,52,42,242.5,7.6
2023,Vijayawada,Andhra Pradesh,16.5062,80.648,Plot,2853188,3704,44448,1.56,41,36,23.0,5.7
2023,Kochi,Kerala,9.9312,76.2673,Apartment,6007951,25713,308556,5.14,57,70,65.9,8.8
2023,Kochi,Kerala,9.9312,76.2673,Independent House,7170559,22594,271128,3.78,71,50,211.8,9.7
2023,Kochi,Kerala,9.9312,76.2673,Villa,14227129,43774,525288,3.69,57,59,32.4,6.1
2023,Kochi,Kerala,9.9312,76.2673,Plot,3707630,5031,60372,1.63,60,64,82.5,6.1
2023,Thiruvananthapuram,Kerala,8.5241,76.9366,Apartment,4747589,19110,229320,4.83,69,60,116.4,2.6
2023,Thiruvananthapuram,Kerala,8.5241,76.9366,Independent House,7298368,22782,273384,3.75,93,43,170.0,7.3
2023,Thiruvananthapuram,Kerala,8.5241,76.9366,Villa,13236211,34870,418440,3.16,51,80,217.7,7.1
2023,Thiruvananthapuram,Kerala,8.5241,76.9366,Plot,3575005,4862,58344,1.63,47,55,156.4,9.6
2023,Mumbai,Maharashtra,19.076,72.8777,Apartment,9651793,37314,447768,4.64,76,53,170.7,7.3
2023,Mumbai,Maharashtra,19.076,72.8777,Independent House,12076228,44184,530208,4.39,60,51,249.9,4.9
2023,Mumbai,Maharashtra,19.076,72.8777,Villa,18619376,63854,766248,4.12,86,43,196.7,8.9
2023,Mumbai,Maharashtra,19.076,72.8777,Plot,6386644,7443,89316,1.4,79,62,202.9,4.1
2023,Pune,Maharashtra,18.5204,73.8567,Apartment,6915410,30517,366204,5.3,60,55,138.4,4.0
2023,Pune,Maharashtra,18.5204,73.8567,Independent House,8828874,29867,358404,4.06,42,33,96.4,5.7
2023,Pune,Maharashtra,18.5204,73.8567,Villa,13272829,34720,416640,3.14,82,66,156.8,2.4
2023,Pune,Maharashtra,18.5204,73.8567,Plot,4320213,5213,62556,1.45,54,47,88.6,6.2
2023,Delhi,Delhi,28.6139,77.209,Apartment,7565287,34862,418344,5.53,95,60,192.4,7.2
2023,Delhi,Delhi,28.6139,77.209,Independent House,11298459,33829,405948,3.59,77,60,64.7,6.7
2023,Delhi,Delhi,28.6139,77.209,Villa,18986058,49444,593328,3.13,65,57,29.8,3.3
2023,Delhi,Delhi,28.6139,77.209,Plot,4520189,5110,61320,1.36,66,53,81.3,8.6
2023,Gurugram,Haryana,28.4595,77.0266,Apartment,7996158,33528,402336,5.03,55,48,49.4,4.6
2023,Gurugram,Haryana,28.4595,77.0266,Independent House,9985081,37139,445668,4.46,73,53,67.9,4.6
2023,Gurugram,Haryana,28.4595,77.0266,Villa,18713978,55864,670368,3.58,69,68,15.6,7.0
2023,Gurugram,Haryana,28.4595,77.0266,Plot,4787664,6295,75540,1.58,68,47,57.0,6.9
2023,Kolkata,West Bengal,22.5726,88.3639,Apartment,5415034,26852,322224,5.95,55,65,63.0,5.0
2023,Kolkata,West Bengal,22.5726,88.3639,Independent House,7822613,26752,321024,4.1,69,46,157.8,6.7
2023,Kolkata,West Bengal,22.5726,88.3639,Villa,12099665,37242,446904,3.69,65,45,216.4,5.9
2023,Kolkata,West Bengal,22.5726,88.3639,Plot,3003938,3758,45096,1.5,57,67,61.8,10.0
2023,Ahmedabad,Gujarat,23.0225,72.5714,Apartment,5279279,23733,284796,5.39,48,77,109.9,7.9
2023,Ahmedabad,Gujarat,23.0225,72.5714,Independent House,7569428,23539,282468,3.73,70,60,146.7,5.3
2023,Ahmedabad,Gujarat,23.0225,72.5714,Villa,10766394,28223,338676,3.15,50,43,60.5,5.2
2023,Ahmedabad,Gujarat,23.0225,72.5714,Plot,3189238,3330,39960,1.25,55,48,137.3,7.4
2023,Jaipur,Rajasthan,26.9124,75.7873,Apartment,6226927,28298,339576,5.45,46,38,169.0,9.0
2023,Jaipur,Rajasthan,26.9124,75.7873,Independent House,7780414,23638,283656,3.65,65,61,47.9,6.3
2023,Jaipur,Rajasthan,26.9124,75.7873,Villa,13900278,37959,455508,3.28,49,55,115.3,4.9
2023,Jaipur,Rajasthan,26.9124,75.7873,Plot,3844849,5022,60264,1.57,75,40,248.2,5.7
2023,Lucknow,Uttar Pradesh,26.8467,80.9462,Apartment,6143053,30480,365760,5.95,89,59,26.8,5.3
2023,Lucknow,Uttar Pradesh,26.8467,80.9462,Independent House,8599336,32644,391728,4.56,65,40,93.2,4.7
2023,Lucknow,Uttar Pradesh,26.8467,80.9462,Villa,12072046,40963,491556,4.07,39,60,102.3,9.9
2023,Lucknow,Uttar Pradesh,26.8467,80.9462,Plot,3757735,5076,60912,1.62,47,57,213.6,6.2
2023,Bhopal,Madhya Pradesh,23.2599,77.4126,Apartment,5362304,21353,256236,4.78,51,72,220.1,6.7
2023,Bhopal,Madhya Pradesh,23.2599,77.4126,Independent House,6790773,22375,268500,3.95,60,54,47.5,4.9
2023,Bhopal,Madhya Pradesh,23.2599,77.4126,Villa,11231050,32137,385644,3.43,57,59,206.5,6.2
2023,Bhopal,Madhya Pradesh,23.2599,77.4126,Plot,3059396,3962,47544,1.55,66,57,102.7,4.0
2023,Bhubaneswar,Odisha,20.2961,85.8245,Apartment,4580271,17941,215292,4.7,56,63,241.6,3.1
2023,Bhubaneswar,Odisha,20.2961,85.8245,Independent House,6203140,21317,255804,4.12,48,60,57.9,4.9
2023,Bhubaneswar,Odisha,20.2961,85.8245,Villa,10786202,33816,405792,3.76,53,76,19.3,5.2
2023,Bhubaneswar,Odisha,20.2961,85.8245,Plot,2640159,2981,35772,1.35,51,61,20.3,5.1
2024,Chennai,Tamil Nadu,13.0827,80.2707,Apartment,7967904,39232,470784,5.91,45,64,157.9,1.9
2024,Chennai,Tamil Nadu,13.0827,80.2707,Independent House,8421823,32895,394740,4.69,75,35,95.1,5.8
2024,Chennai,Tamil Nadu,13.0827,80.2707,Villa,15348515,50570,606840,3.95,74,62,7.7,5.2
2024,Chennai,Tamil Nadu,13.0827,80.2707,Plot,3842147,4278,51336,1.34,32,45,136.2,6.9
2024,Coimbatore,Tamil Nadu,11.0168,76.9558,Apartment,4646858,19287,231444,4.98,57,63,31.9,2.9
2024,Coimbatore,Tamil Nadu,11.0168,76.9558,Independent House,7508439,23110,277320,3.69,82,40,84.5,6.1
2024,Coimbatore,Tamil Nadu,11.0168,76.9558,Villa,12386780,36892,442704,3.57,40,35,117.6,6.7
2024,Coimbatore,Tamil Nadu,11.0168,76.9558,Plot,3623230,4722,56664,1.56,59,71,112.2,4.3
2024,Madurai,Tamil Nadu,9.9252,78.1198,Apartment,4694042,18198,218376,4.65,52,70,161.1,7.5
2024,Madurai,Tamil Nadu,9.9252,78.1198,Independent House,5850928,21178,254136,4.34,57,58,41.8,4.9
2024,Madurai,Tamil Nadu,9.9252,78.1198,Villa,10134821,30515,366180,3.61,51,59,25.8,5.6
2024,Madurai,Tamil Nadu,9.9252,78.1198,Plot,2378848,2436,29232,1.23,56,40,90.7,4.5
2024,Trichy,Tamil Nadu,10.7905,78.7047,Apartment,4688361,19105,229260,4.89,68,67,69.9,7.2
2024,Trichy,Tamil Nadu,10.7905,78.7047,Independent House,5721218,18256,219072,3.83,70,61,194.8,4.6
2024,Trichy,Tamil Nadu,10.7905,78.7047,Villa,10325181,31257,375084,3.63,46,70,245.1,8.7
2024,Trichy,Tamil Nadu,10.7905,78.7047,Plot,2944970,3864,46368,1.57,76,46,87.9,6.8
2024,Bengaluru,Karnataka,12.9716,77.5946,Apartment,7165696,31009,372108,5.19,45,26,155.2,5.8
2024,Bengaluru,Karnataka,12.9716,77.5946,Independent House,11027888,40285,483420,4.38,62,62,216.0,5.2
2024,Bengaluru,Karnataka,12.9716,77.5946,Villa,18479088,62404,748848,4.05,76,41,117.8,7.0
2024,Bengaluru,Karnataka,12.9716,77.5946,Plot,5059496,6355,76260,1.51,74,53,246.2,4.0
2024,Mysuru,Karnataka,12.2958,76.6394,Apartment,5653041,22880,274560,4.86,66,45,205.4,6.3
2024,Mysuru,Karnataka,12.2958,76.6394,Independent House,9047055,33876,406512,4.49,43,84,129.5,8.0
2024,Mysuru,Karnataka,12.2958,76.6394,Villa,13394429,40967,491604,3.67,70,59,160.9,5.1
2024,Mysuru,Karnataka,12.2958,76.6394,Plot,3887270,3978,47736,1.23,67,65,248.0,4.6
2024,Hyderabad,Telangana,17.385,78.4867,Apartment,6448897,31632,379584,5.89,65,35,184.6,4.2
2024,Hyderabad,Telangana,17.385,78.4867,Independent House,8334014,31652,379824,4.56,67,52,191.4,6.2
2024,Hyderabad,Telangana,17.385,78.4867,Villa,12930222,41650,499800,3.87,44,39,41.5,7.4
2024,Hyderabad,Telangana,17.385,78.4867,Plot,4570530,5267,63204,1.38,57,76,222.1,5.5
2024,Vijayawada,Andhra Pradesh,16.5062,80.648,Apartment,5601619,24546,294552,5.26,40,71,199.6,6.5
2024,Vijayawada,Andhra Pradesh,16.5062,80.648,Independent House,7492703,27344,328128,4.38,49,57,142.6,5.0
2024,Vijayawada,Andhra Pradesh,16.5062,80.648,Villa,12923862,39975,479700,3.71,71,63,71.1,6.2
2024,Vijayawada,Andhra Pradesh,16.5062,80.648,Plot,3170016,3300,39600,1.25,74,70,178.4,5.1
2024,Kochi,Kerala,9.9312,76.2673,Apartment,6277145,27740,332880,5.3,55,43,111.3,6.1
2024,Kochi,Kerala,9.9312,76.2673,Independent House,8373175,31378,376536,4.5,59,41,160.9,9.4
2024,Kochi,Kerala,9.9312,76.2673,Villa,14804983,39329,471948,3.19,74,50,99.0,9.4
2024,Kochi,Kerala,9.9312,76.2673,Plot,3544442,4077,48924,1.38,79,56,78.2,3.2
2024,Thiruvananthapuram,Kerala,8.5241,76.9366,Apartment,6001503,26436,317232,5.29,67,47,117.3,4.3
2024,Thiruvananthapuram,Kerala,8.5241,76.9366,Independent House,7477039,27959,335508,4.49,60,16,183.7,5.9
2024,Thiruvananthapuram,Kerala,8.5241,76.9366,Villa,15050340,40530,486360,3.23,49,58,189.1,6.8
2024,Thiruvananthapuram,Kerala,8.5241,76.9366,Plot,3507228,3649,43788,1.25,62,41,65.5,4.7
2024,Mumbai,Maharashtra,19.076,72.8777,Apartment,9298528,38980,467760,5.03,70,67,195.3,6.2
2024,Mumbai,Maharashtra,19.076,72.8777,Independent House,11463069,34856,418272,3.65,65,15,90.1,7.7
2024,Mumbai,Maharashtra,19.076,72.8777,Villa,24111572,61958,743496,3.08,77,48,142.2,3.5
2024,Mumbai,Maharashtra,19.076,72.8777,Plot,6452746,8861,106332,1.65,67,57,53.5,4.1
2024,Pune,Maharashtra,18.5204,73.8567,Apartment,6670696,34268,411216,6.16,43,68,33.0,5.5
2024,Pune,Maharashtra,18.5204,73.8567,Independent House,8256908,31938,383256,4.64,56,66,33.1,10.5
2024,Pune,Maharashtra,18.5204,73.8567,Villa,16219657,51911,622932,3.84,64,48,138.2,6.1
2024,Pune,Maharashtra,18.5204,73.8567,Plot,4126439,4455,53460,1.3,52,47,105.9,9.6
2024,Delhi,Delhi,28.6139,77.209,Apartment,8205057,32074,384888,4.69,84,51,117.5,5.1
2024,Delhi,Delhi,28.6139,77.209,Independent House,9724861,32303,387636,3.99,58,52,55.2,9.0
2024,Delhi,Delhi,28.6139,77.209,Villa,19629439,65594,787128,4.01,63,57,115.6,7.7
2024,Delhi,Delhi,28.6139,77.209,Plot,5040907,6045,72540,1.44,66,54,206.4,4.9
2024,Gurugram,Haryana,28.4595,77.0266,Apartment,8476960,43461,521532,6.15,68,32,75.3,6.8
2024,Gurugram,Haryana,28.4595,77.0266,Independent House,10721315,40878,490536,4.58,83,61,135.6,5.9
2024,Gurugram,Haryana,28.4595,77.0266,Villa,16051514,50984,611808,3.81,59,64,215.0,5.7
2024,Gurugram,Haryana,28.4595,77.0266,Plot,5469076,5855,70260,1.28,72,44,224.0,5.3
2024,Kolkata,West Bengal,22.5726,88.3639,Apartment,5359620,23686,284232,5.3,50,57,221.2,6.2
2024,Kolkata,West Bengal,22.5726,88.3639,Independent House,8564320,29235,350820,4.1,76,41,221.1,6.9
2024,Kolkata,West Bengal,22.5726,88.3639,Villa,12741910,34352,412224,3.24,59,51,134.2,7.2
2024,Kolkata,West Bengal,22.5726,88.3639,Plot,3232932,4148,49776,1.54,63,59,205.7,5.7
2024,Ahmedabad,Gujarat,23.0225,72.5714,Apartment,5958914,25321,303852,5.1,74,54,117.5,6.0
2024,Ahmedabad,Gujarat,23.0225,72.5714,Independent House,8009803,26648,319776,3.99,31,62,207.4,4.8
2024,Ahmedabad,Gujarat,23.0225,72.5714,Villa,11279280,31197,374364,3.32,54,43,115.3,7.5
2024,Ahmedabad,Gujarat,23.0225,72.5714,Plot,3589601,4116,49392,1.38,73,54,244.9,8.3
2024,Jaipur,Rajasthan,26.9124,75.7873,Apartment,5288953,25058,300696,5.69,73,40,22.1,6.7
2024,Jaipur,Rajasthan,26.9124,75.7873,Independent House,7107741,27392,328704,4.62,56,66,175.1,3.9
2024,Jaipur,Rajasthan,26.9124,75.7873,Villa,12936210,36541,438492,3.39,71,38,234.9,6.8
2024,Jaipur,Rajasthan,26.9124,75.7873,Plot,3845820,4843,58116,1.51,65,60,169.3,5.8
2024,Lucknow,Uttar Pradesh,26.8467,80.9462,Apartment,5146773,22792,273504,5.31,72,54,138.9,6.6
2024,Lucknow,Uttar Pradesh,26.8467,80.9462,Independent House,6729897,23007,276084,4.1,58,52,215.3,6.9
2024,Lucknow,Uttar Pradesh,26.8467,80.9462,Villa,11950397,40269,483228,4.04,67,63,9.4,7.7
2024,Lucknow,Uttar Pradesh,26.8467,80.9462,Plot,3315997,4424,53088,1.6,52,60,137.5,5.1
2024,Bhopal,Madhya Pradesh,23.2599,77.4126,Apartment,4549618,17478,209736,4.61,33,53,151.6,4.4
2024,Bhopal,Madhya Pradesh,23.2599,77.4126,Independent House,6742314,20399,244788,3.63,42,69,223.6,9.1
2024,Bhopal,Madhya Pradesh,23.2599,77.4126,Villa,9910369,25975,311700,3.15,64,48,13.5,6.3
2024,Bhopal,Madhya Pradesh,23.2599,77.4126,Plot,2667101,3518,42216,1.58,69,45,28.0,6.6
2024,Bhubaneswar,Odisha,20.2961,85.8245,Apartment,6594084,32604,391248,5.93,63,67,131.8,3.1
2024,Bhubaneswar,Odisha,20.2961,85.8245,Independent House,8140125,30831,369972,4.55,52,65,113.6,6.6
2024,Bhubaneswar,Odisha,20.2961,85.8245,Villa,14366857,44798,537576,3.74,80,64,63.2,4.6
2024,Bhubaneswar,Odisha,20.2961,85.8245,Plot,3782132,4521,54252,1.43,61,59,152.2,6.4
2025,Chennai,Tamil Nadu,13.0827,80.2707,Apartment,7411550,34693,416316,5.62,62,50,93.7,5.2
2025,Chennai,Tamil Nadu,13.0827,80.2707,Independent House,8810410,28771,345252,3.92,63,34,154.6,6.1
2025,Chennai,Tamil Nadu,13.0827,80.2707,Villa,15472581,42337,508044,3.28,61,52,6.9,5.7
2025,Chennai,Tamil Nadu,13.0827,80.2707,Plot,4896625,6002,72024,1.47,54,28,233.3,6.4
2025,Coimbatore,Tamil Nadu,11.0168,76.9558,Apartment,4951816,23065,276780,5.59,53,46,129.3,6.2
2025,Coimbatore,Tamil Nadu,11.0168,76.9558,Independent House,7579798,30451,365412,4.82,70,51,101.7,5.1
2025,Coimbatore,Tamil Nadu,11.0168,76.9558,Villa,11967390,34943,419316,3.5,60,63,153.9,7.8
2025,Coimbatore,Tamil Nadu,11.0168,76.9558,Plot,3780531,4973,59676,1.58,50,58,173.2,5.2
2025,Madurai,Tamil Nadu,9.9252,78.1198,Apartment,4384791,19472,233664,5.33,43,54,107.6,6.0
2025,Madurai,Tamil Nadu,9.9252,78.1198,Independent House,5287944,17701,212412,4.02,54,60,171.3,7.0
2025,Madurai,Tamil Nadu,9.9252,78.1198,Villa,9642689,29740,356880,3.7,56,68,219.1,5.2
2025,Madurai,Tamil Nadu,9.9252,78.1198,Plot,3056799,3191,38292,1.25,58,43,7.9,6.4
2025,Trichy,Tamil Nadu,10.7905,78.7047,Apartment,4463597,20001,240012,5.38,47,59,35.1,2.9
2025,Trichy,Tamil Nadu,10.7905,78.7047,Independent House,6501235,23793,285516,4.39,63,64,110.3,7.6
2025,Trichy,Tamil Nadu,10.7905,78.7047,Villa,10849301,30354,364248,3.36,66,49,114.4,7.1
2025,Trichy,Tamil Nadu,10.7905,78.7047,Plot,3151844,4254,51048,1.62,60,34,147.6,5.0
2025,Bengaluru,Karnataka,12.9716,77.5946,Apartment,8228960,39314,471768,5.73,54,70,45.9,4.3
2025,Bengaluru,Karnataka,12.9716,77.5946,Independent House,11515645,38441,461292,4.01,63,68,88.4,8.6
2025,Bengaluru,Karnataka,12.9716,77.5946,Villa,15860999,46292,555504,3.5,79,36,153.4,4.1
2025,Bengaluru,Karnataka,12.9716,77.5946,Plot,5539474,6555,78660,1.42,59,41,124.0,6.9
2025,Mysuru,Karnataka,12.2958,76.6394,Apartment,4950050,25376,304512,6.15,50,56,12.6,4.3
2025,Mysuru,Karnataka,12.2958,76.6394,Independent House,5697896,21475,257700,4.52,51,34,225.5,5.6
2025,Mysuru,Karnataka,12.2958,76.6394,Villa,9888481,33722,404664,4.09,63,53,152.7,3.6
2025,Mysuru,Karnataka,12.2958,76.6394,Plot,2921272,3549,42588,1.46,37,59,137.7,4.2
2025,Hyderabad,Telangana,17.385,78.4867,Apartment,7470863,33018,396216,5.3,49,42,52.7,5.9
2025,Hyderabad,Telangana,17.385,78.4867,Independent House,8505315,33933,407196,4.79,56,28,147.2,7.5
2025,Hyderabad,Telangana,17.385,78.4867,Villa,13886651,40960,491520,3.54,59,84,103.4,8.1
2025,Hyderabad,Telangana,17.385,78.4867,Plot,4372537,4776,57312,1.31,85,47,121.5,6.0
2025,Vijayawada,Andhra Pradesh,16.5062,80.648,Apartment,5512698,28260,339120,6.15,61,61,135.7,5.6
2025,Vijayawada,Andhra Pradesh,16.5062,80.648,Independent House,8298518,27090,325080,3.92,62,54,245.3,4.2
2025,Vijayawada,Andhra Pradesh,16.5062,80.648,Villa,13023206,43330,519960,3.99,37,72,75.0,7.3
2025,Vijayawada,Andhra Pradesh,16.5062,80.648,Plot,3536165,4257,51084,1.44,50,90,217.1,5.7
2025,Kochi,Kerala,9.9312,76.2673,Apartment,6372112,31491,377892,5.93,65,73,239.2,5.9
2025,Kochi,Kerala,9.9312,76.2673,Independent House,9279797,31886,382632,4.12,59,62,158.5,1.5
2025,Kochi,Kerala,9.9312,76.2673,Villa,15953620,40956,491472,3.08,84,51,182.1,4.9
2025,Kochi,Kerala,9.9312,76.2673,Plot,3813284,4381,52572,1.38,65,46,56.6,7.7
2025,Thiruvananthapuram,Kerala,8.5241,76.9366,Apartment,5875153,30386,364632,6.21,72,60,77.2,7.1
2025,Thiruvananthapuram,Kerala,8.5241,76.9366,Independent House,7974604,30033,360396,4.52,70,63,192.7,8.2
2025,Thiruvananthapuram,Kerala,8.5241,76.9366,Villa,16075142,49869,598428,3.72,61,42,24.0,3.4
2025,Thiruvananthapuram,Kerala,8.5241,76.9366,Plot,3674028,4208,50496,1.37,41,55,237.2,6.0
2025,Mumbai,Maharashtra,19.076,72.8777,Apartment,11518946,52186,626232,5.44,68,44,127.7,7.3
2025,Mumbai,Maharashtra,19.076,72.8777,Independent House,12017380,36671,440052,3.66,85,26,61.9,4.9
2025,Mumbai,Maharashtra,19.076,72.8777,Villa,21637218,70821,849852,3.93,72,56,227.0,5.8
2025,Mumbai,Maharashtra,19.076,72.8777,Plot,5933709,7420,89040,1.5,50,47,92.7,6.7
2025,Pune,Maharashtra,18.5204,73.8567,Apartment,6364911,31981,383772,6.03,26,55,148.5,5.1
2025,Pune,Maharashtra,18.5204,73.8567,Independent House,9602139,31005,372060,3.87,64,64,202.0,7.2
2025,Pune,Maharashtra,18.5204,73.8567,Villa,15736143,47494,569928,3.62,67,46,71.5,3.1
2025,Pune,Maharashtra,18.5204,73.8567,Plot,3928596,4897,58764,1.5,62,45,72.7,6.2
2025,Delhi,Delhi,28.6139,77.209,Apartment,7545144,37409,448908,5.95,57,65,30.0,3.9
2025,Delhi,Delhi,28.6139,77.209,Independent House,12014908,39697,476364,3.96,57,54,111.3,6.5
2025,Delhi,Delhi,28.6139,77.209,Villa,20632460,59619,715428,3.47,66,76,100.0,8.6
2025,Delhi,Delhi,28.6139,77.209,Plot,4567574,4933,59196,1.3,78,63,241.7,8.3
2025,Gurugram,Haryana,28.4595,77.0266,Apartment,9206215,43945,527340,5.73,59,47,196.5,5.5
2025,Gurugram,Haryana,28.4595,77.0266,Independent House,10448199,41580,498960,4.78,68,15,117.1,6.2
2025,Gurugram,Haryana,28.4595,77.0266,Villa,16981331,48937,587244,3.46,60,49,193.1,8.3
2025,Gurugram,Haryana,28.4595,77.0266,Plot,5538104,6071,72852,1.32,63,46,220.6,9.8
2025,Kolkata,West Bengal,22.5726,88.3639,Apartment,5531738,25697,308364,5.57,47,51,164.7,4.7
2025,Kolkata,West Bengal,22.5726,88.3639,Independent House,7176978,24329,291948,4.07,70,45,223.1,7.3
2025,Kolkata,West Bengal,22.5726,88.3639,Villa,11095901,31967,383604,3.46,35,58,209.7,5.8
2025,Kolkata,West Bengal,22.5726,88.3639,Plot,3254165,3792,45504,1.4,44,88,7.4,7.5
2025,Ahmedabad,Gujarat,23.0225,72.5714,Apartment,6429322,29097,349164,5.43,44,70,194.6,6.4
2025,Ahmedabad,Gujarat,23.0225,72.5714,Independent House,8431043,26193,314316,3.73,76,52,70.1,6.5
2025,Ahmedabad,Gujarat,23.0225,72.5714,Villa,11218775,31569,378828,3.38,59,76,90.3,7.9
2025,Ahmedabad,Gujarat,23.0225,72.5714,Plot,3965944,5254,63048,1.59,42,64,117.2,7.4
2025,Jaipur,Rajasthan,26.9124,75.7873,Apartment,5363804,20992,251904,4.7,48,45,123.6,5.9
2025,Jaipur,Rajasthan,26.9124,75.7873,Independent House,6564554,26131,313572,4.78,77,56,240.9,6.6
2025,Jaipur,Rajasthan,26.9124,75.7873,Villa,11156930,32122,385464,3.45,49,48,39.5,8.4
2025,Jaipur,Rajasthan,26.9124,75.7873,Plot,3538575,3796,45552,1.29,64,62,100.1,8.1
2025,Lucknow,Uttar Pradesh,26.8467,80.9462,Apartment,5791921,24853,298236,5.15,56,61,120.1,6.8
2025,Lucknow,Uttar Pradesh,26.8467,80.9462,Independent House,7177903,22464,269568,3.76,67,41,239.7,5.9
2025,Lucknow,Uttar Pradesh,26.8467,80.9462,Villa,13723182,37981,455772,3.32,83,55,23.7,7.6
2025,Lucknow,Uttar Pradesh,26.8467,80.9462,Plot,3752623,4566,54792,1.46,52,47,45.6,6.1
2025,Bhopal,Madhya Pradesh,23.2599,77.4126,Apartment,5315258,20689,248268,4.67,63,60,64.3,3.5
2025,Bhopal,Madhya Pradesh,23.2599,77.4126,Independent House,7375331,26538,318456,4.32,63,58,245.4,5.1
2025,Bhopal,Madhya Pradesh,23.2599,77.4126,Villa,11694762,38163,457956,3.92,58,63,244.4,5.1
2025,Bhopal,Madhya Pradesh,23.2599,77.4126,Plot,3505745,4482,53784,1.53,63,65,168.3,4.0
2025,Bhubaneswar,Odisha,20.2961,85.8245,Apartment,5281784,25704,308448,5.84,52,57,7.2,7.3
2025,Bhubaneswar,Odisha,20.2961,85.8245,Independent House,6338158,23077,276924,4.37,53,48,212.8,4.4
2025,Bhubaneswar,Odisha,20.2961,85.8245,Villa,12149169,32023,384276,3.16,50,56,122.8,4.8
2025,Bhubaneswar,Odisha,20.2961,85.8245,Plot,3030567,3525,42300,1.4,60,39,189.8,3.5
